TrickyTroy2,TrickyTroy2#3950,406898210804858884,1,,
LigmaKaChigga,Skinny Bear Brown Hill #1764,616843277592952854,1,,
iunnolol,iunnolol,490600203921915904,1,,
MortyKnowsBest,코르도바 시드니 #8968,465113775209709568,1,,
FearGoldEagle45,FearGoldEagle45,676613531637907498,,,
BtSpaz,BtSpaz#5064,480094051761389573,1,,
G2019,G2019 #0639,362064637509763085,1,,
ImBerrie,wheaties#5063,169411506348228608,1,,
MrChubbs_,Truck Month#7046,197831638846013447,1,,
Vauntice,gasbreads#8008,217762251887607809,1,,
aesnop,ImmaStealYoHome#6723,105512327293448192,1,,
Pieterjan_Vermeire,Pieterjan#7324,188734473658040320,1,,
Crazywizard99,Jamar Lackson#1263,235358873672744960,1,,
GoonerBear94,GoonerBear#0071,151152419584081920,1,,
ryanthegreat1reaves ,Sticky Mickey #7946,539593078273605645,1,,
Hi_mynameis_Matt,Hi_mynameis_Matt#3175,357712250041270273,1,,
richard7775,richard#6782,585560973658685440,1,,
HaV0C,HaV0C#3504,73229226156765184,1,,
SgtSquishy,SgtSquishy5998,167537430562471936,1,,
roothockey,Aspence#3564,194225767952023552,1,,
soyrman,soyrman#7767,317830538079764482,1,,
thelastbison,MoJungo#6335,193154424242307072,1,,
bzb113,bennyS#0344,101512997112913920,1,,
allomanticpush,allomanticpush#7399,623890584259526657,1,,
N/a,Xfireravenx,372069117005660161,1,,
StrongBad05,jimmiboi#9276,174249690919862272,1,,
GareDR333,GareDr333#5369,201437703328235520,1,,
Natsochist,Natsochist#8041,377826278004490240,1,,
Madis99,madis99#4415,310887264374882304,1,,
ghostelephant,ghostelephant#6650,288768900169072641,1,,
imcerebrus,Cerb#8365,134478480862740480,1,,
vigintiunus,snipenberg#7197,391473385768747008,1,,
Bacon__sandwich,raptor152#0431,298191208776204288,1,,
GK12303,GK12303#1313,240939239968210944,1,,
AtomikaNova,Daitryu#7669,341669113430540301,1,,
lewislewes,lewislewes#3447,326553566909300737,1,,
ObsRefGames,Obscure_Reference#9129,180498124823855104,1,,
jmarnette,jmarnette#1828,345701896377597953,1,,
Mcastagnaro30,mcastagnaro30#2558,213403960072077312,1,,
xbijin,xbijin#3776,398235187634503702,1,,
tanay002,tanay002#5272,312078049401110530,1,,
Cougmaster,CougMaster#8822,378073752400953344,1,,
mbless1415,mbless1415#6210,359717979732312064,1,,
Jagsfootball51,Jags#3155,195415573721645056,1,,
23baseball3,23baseball3#3100,224327937720188928,1,,
get_trashed,Sleeper#2045,177281342818484224,1,,
geneticlyperfct,GeneticlyPerfct#0232,207143171128426496,1,,
AdmiralJones42,AdmiralJones42#6648,131978039763402752,1,,
tomas3345,Big Bossuru#1370,178987211239325696,1,,
TheCity95,BaldRusty2.0#6959,644347193523830814,1,,
Cloakington,amazingcowmilk#9713,259940190947246081,1,,
SenatorCam,Hudson#0002,285878316987056130,1,,
BIGxM1KE,BIGxM1KE#4625,345329173616787458,1,,
Wblewis45,Wblewis45#7778,392155574231629825,1,,
Cubzlover84,Cubzlover84#7820,319240013818757120,1,,
RealJimBoeheim,Jim Boeheim#2353,378312650473472011,1,,
Izsaf,izsaf#9638,151083162116554752,1,,
Redbird_squirrel,Red Trapper#5937,381269531752005663,1,,
Dancingtree444,Dancingtree444#4987,189963987129991179,1,,
d0nked,donked#9307,191205122548695050,1,,
OJTang,Fuzzy Dunlop#5733,396470748526411776,1,,
officialstc,Babatunde Oladotun#6470,401796234001514501,1,,
icanhasadhd,packattack#9827,212687113634840580,1,,
therealliebz,liebz#0795,185167161734594560,1,,
theDashingFoxWorking,FoxxDashington#1492,301455044656758784,1,,
KyleSell,CelciusII#6336,298312382927732748,1,,
pablito_locito,loco_pabs#0259,377904113842913280,1,,
Mcgoogol,mcgoogol#0111,377896897870036992,1,,
globalabortion,haunted#0371,109574591738851328,1,,
Artzyz,ando#0150,135821931550081024,1,,
grahm03,grahm03#0716,345618052743692288,1,,
Ramicus,Judah#1924,173958296800198657,1,,
YoloSwagginsV12,YoloSwaggins#8690,205443196401090561,1,,
Bighump1,WillieMaysHays#9546,433103168445087756,1,,
BubonicNarwhal,BubonicNarwhal#6234,121083821637500928,1,,
Einhornfarm,Einhornfarm#4830,243128381275766784,1,,
kc3551,kc3551#3802,322186326130556940,1,,
squishfacethegloop,Hank Murphy#4997,382275235082403842,1,,
biigdog,biigdog#3209,277638011124973571,1,,
miasanspurs,SpursyGopher#5047,198821468317024256> - GM ping for Mason Spurs,1,,
323K13L,EazyKill#8033,235507430656704514,1,,
Eulebar,Zod#3168,223279982091304960,1,,
legacy3233,legacy3233#2024,233003286943367169,1,,
See_You_Laterr,See_You_Laterr#6448,369553888723992578,1,,
Lummoxx,Lummoxx#2267,215570868657455104,1,,
hanstheman33,hanstheman33#3083,416272664756355075,1,,
jp1704,JP1704#3386,345339723323146240,1,,
MasterCashier,MasterCashier#1114,143034072787058688,1,,
theshinymew64,AWildHannahAppeared#3538,234287682082045952,1,,
darkhelmet5527,Xenlos#1147,204452267724767242,1,,
SonicRainboom13,Miro#3458,183513716166230017,1,,
brownspectacledbear,Wilbur Forrester Wood#1106,345191609098567680,1,,
Elmolibre,Shambox#6584,166308180668710912,1,,
EclipticAstrum,Ecliptic#3662,212087762172510210,1,,
TurkandJD,UnironicU2Defender#7767,131978039763402752> - GM ping for Jerome Garcia,1,,
Beasting123,Almy#0569,176033947308916736,1,,
Mad_Monty,Mad_Monty#0578,454284112165863434,1,,
Warhamster06,Warhamster#9295,238569734185025536,1,,
chillkiller123,chillkiller#4014,270051916803866625,1,,
bellysk8er2005,bellysk8er2005#9850,402556009736044544,1,,
ChiaTiger,Lattimore_Island#9939,403328412610985984,1,,
efranklin13,ethan#4765,344697495517003787,1,,
amesker,amesker#3310,334203993607766017,1,,
welldrawndry,JohnnyTrout#4375,104608263005294592,1,,
canigetawoop_woop,Mylo Grams- Toronto C#9559,342097160122269698,1,,
daytonanerd,David.#9999,121672903396687872,1,,
GKG1214,GKG1214#5442,488754199245357073,1,,
dongerlove,sael#7290,657949188415422475,1,,
Socc13r37,Socc#0001,97154612594741248,1,,
AlienAbortionMachine,Alien Abortion Machine#7864,375039413203501057,,1,
Numberonedork,Number1Dork#7344,346750558901764117,1,,
Crowsocj,Official Blu Jays Media Manger#8962,346778676471267328,1,,
mongster_03,mongster_03#3405,302242686281318400,1,,
JustinQuan,JustinQuan#3795,311241666067431424,1,,
AncientSphere,ColorMaster#3072,340315725556088843,1,,
tigerfan895,Tigerfan895#1214,301769120783925258,1,,
TheXekutioner,The Xekutioner#6921,385236196659560448,1,,
KigerWulf,KigerWulf#4308,308005533028319232,1,,
Tsimaskillz,tsimaskillz#3401,511617020408889354,1,,
whatsinanaam,stout#5458,396066486168584212,1,,
Ramzavail05,Ramzavail#6648,398562977814413322,1,,
oogadebob,oogadebob#9787,319330358636314634,1,,
manticorum67,manticorum67#3673,258104532423147520,1,,
codomojump,jhahn_ttahmus#7940,512767921815027713,1,,
vesteele,Kaluunit#2406,230804103079526400,,1,
dianaswrld,dianaswrld#4135,514543440709812245,1,,
mak0shark7,"Calvin ""mak0shark"" Huff- FA P#5639",507717034893901824,1,,
Dodger_Rej3ct,Ashen_1#2320,298870267499773952,1,,
Huskie1997,Jpulto#1431,268566559746686986,1,,
androidsen,androidsen#8466,378210771005341698,1,,
revilingneptune,LaPrince Frye#5785,416715978391420928,1,,
conceitedmoose,lemonsqueegee#4322,201802131106168843,1,,
Riles_McGiles,RilesMcGiles#3103,372578681006063617,1,,
geothearch,Geo#4579,372553093331812352,1,,
dyslexda,dyslexda#0531,202278109708419072,1,1,1
Kartov4,Kartov#2854,90629680868134912,,,
Nola2Tx41,NolaGumbeaux41#8934,470202656992919553,1,,
Subbotnik,Avdo#9090,131978039763402752> - GM ping for Rascal Alex,1,,
MLFBLidous,Cal#3838,485723834075316224,1,,
club_toasty,Club_toast#4313,148580118179217410,1,,
Ramblingwreckfromgt,DylanG5#4899,172167687143817217,1,,
Cringe23,CringE#0294,206526330861387776,1,,
huskerfan90001,Drew Ekstrum#1125,294335981442564096,1,,
GSchlim,GSchlim,355934424061181972,1,,
XemyrLexasey,XemyrLeBeau,153721741129023488,1,,
ATLien20,True #9380,399299351802937344,1,,
Jzkitty21,JZKITTY#3143,254774534274547713,1,,
strategygameventures,Naki#2555,208429483059970050,1,,
Wazzup44,Wazzup44#3094,140944286282678273,1,,
jackvd_,jackvd#1878,383444903344078848,1,,
iNatro,#0340,501849193338503168,1,,
Kyounggun,Kyounggun#9129,273639536804757514,1,,
PrankishPoet,Poet#0643,203362581363032064,1,,
therealduke96,natetheduke#5754,235564193112260608,1,,
MattA2930,matt2930#7229,484386566249119760,1,,
CaptRazzlepants,HolyHamGrenade#5701,92127213410865152,1,,
Matt5516,Matt55,178316162185166855,1,,
CostliestPrism0,Jurd#9852,246828880848093185,1,,
_a_moo_point_,Jaysword#3811,443829816752340994,1,,
umperorpalpatine,howiejriii,368414494772428801,1,,
Gibviking32,ReedGibson,485217045408120833,1,,
baer89,Redwagon#1602,88061817925935104,1,,
Willand714,Willand714,593042150447382529,1,,
Peglegbonesbailey,Peglegbonesbailey,227953127452704782,1,,
DingerSampson,Dinger Sampson#6496,387226344393670656,1,,
Coorvu,Diego#5535,159766338833874944,1,,
PrinceCrinkle,aidanfergie#7553,323992643929374721,1,,
Dochobbes,Dochobbes,558335911818035203,1,,
TBKLarry,TBKLarry#1903,206833217678868480,1,,
Zouol,Calluna#0305,189893705786720256,1,,
Ashbymtg,Keyo,114529305219956739,1,,
givemdaeephus,givemdaeephus#5189,592166200750899200,1,,
SoneRandomUser,SoneRandomPerson#2533,223980930975399937,1,,
DaveyClarkman4Prez,msnmllr,404782639824764951,1,,
JascosRS,rongboy#8588,443280943579660288,1,,
Axel323,Axel323#7236,217141905807376385,1,,
Peterdkidk,OniR1#2332,552839183413018624,1,,
Juniped,Juniped,121871011091185664,1,,
Sandsrashu,pelochyta #9978,139926308644847616,1,,
wiulamas,Jslamas,197068139073110016,1,,
EricS53,EricS53 #2544,213354112434044931,1,,
SenorBlaze,Mottyice#9677,247260486339395585,1,,
thefrowntownclown,frowntownclown#6523,96948103130656768,1,,
Xianthres,Xianthres,264255447786192896,1,,
AuraxisKnight,Vecinzz#9675,326127044163403776,1,,
Ticanaru,Tica#3609,116109126832095239,1,,
qomsday,Qomsday#7405,349359777220001793,1,,
Dentonoff,Dentonoff#3915,631554330356613120,1,,
klittle6,kaylittle6,476558347634475028,1,,
MiguelSlamdujar,Dbon#2576,291738770313707521,1,,
superking144,ChakraPilates,644325646486732810,1,,
thedarkonesarehere,Woj#6097,263888354179809280,1,,
AlternateShapes,Declan#0676,671474346606198820,1,,
Am3yankees3,Andrew3#2319,402249979651031052,1,,
thelordstrum,Tyburn#0651,334144448873365504,1,,
RedArrow12c#7693,RedArrow12c #7693,272034904127045633,1,,
Brodicium,VoxBarbarian#7332,251117327792209920,1,,
thechillinpill,Chill#1991,188872774553567242,1,,
Pyrolola,pyrolola#2993,293180794124632074,1,,
Hartman_,Slingblade#8693,389269825425375233,1,,
CaptainSolo96,CaptainSolo96#0006,250094459721613315,1,,
OxygenIsForLiving,Ranitall#0646,183195160358813697,1,,
cardinalidae,Jeff Steelflex#0352,187009663487836162,1,,
rubachikin,rubachikin#8277,373703526347440129,1,,
Druidicdwarf,LefLop#4771,246762932703068162,1,,
Carsman45678,kiddingsoda#0677,493941633138556939,1,,
El_Gato_Grande,BigCat#0237,285097851631960064,1,,
Deathwing_Dragonlord,Reno#1997,240572831333613569,1,,
lakers4life1214,RockM888#6275,554004612797956106,1,,
Henson77247,Dukemarriot#0179,352849361920851968,1,,
WorldyTrip54,Fakecfbillinoisstae#5952,612494299120140295,1,,
North-SwisGameMaster,"North, The Greatest Showman",237633230084374528,1,,
fermatajack,fermatajack,294497117467181056,1,,
zman2143,KrazyPolishBoy,255477872880254976,1,,
SarcasticCroissant,elated potato#1373,240919142507479040,1,,
schauera30,andrews#4302,261036761109495808,1,,
Slowlow24,Slowlow24,341365184021004290,1,,
Ellispianimal,Russel #6507,282220049090215946,1,,
aapoquidam,aapoquidam#4497,613531591062323200,,,
Hallmonitor_20,Hallmonitor_20#2799,608356413269606505,1,,
vinnymac44,Vinny #3614 I believe,332741384446410755,1,,
JonesLV426,ChickenSteaksHeavyWeights,675178744864047104,1,,
I_am_the_black_sheep,I am the black sheep,412709586257313813,1,,
BBfriendshipexpress,Bambino2.0#4658,675859449508003875,1,,
Pirated555,BillyShake#4067,344569430132391938,1,,
garglenutz,GargleNutz#7309,544267009395916813,1,,
Bearded_wildcard,Wildcard09,438226264608735232,1,,
mile114,mile114#1245,466035881682141185,,,
celtigoon,as334#2217,149311407907799041,1,,
SemiCharmedMike,SemiCharmedMike#9629,193883917055557642,,,
jlh2b,jlh2b#5197,268216874880204802,,,
lava172,Turk#0172,203412994720399360,1,,
Joester09,Joester09#1816,144969605977341953,1,,
cjoneil88,Pantheon - Chris#8426,443892188775055370,1,,
tbeowulf,tbewulf#3297,238836526409187338,1,,
mkwiiallpro,michael#9947,241371232983973888,1,,
dahdscear,Haniger's Grenade#9160,545406706038079520,1,,
DutifullyPurple,DutifullyPurple,267524720470130690,1,,
ghosthardware515,sarah_#4781,167796704739983360,1,,
ClubKiller,bob124#6969,555157292408897567,1,,
Ocelot_Tuga,Arujento#7149,326427060438433792,1,,
close_,mack#0894,281586814471634945,1,,
benevolentantagonist,Holibean :sauropod:#1337,,1,,
ItsJustFruity,ItsJustFruity#8827,202273074261917697,1,,
Drag0nG0ld8,Drag0nG0ld008#5755,322858095590244353,1,,
Petralikesbaseball,Petralikesbaseball#0016,158306211568025600,1,,
consemmae,Ewell,211243192358535171,,,
Toli820,Poe#8888,136843419321368576,,,
Megatomic,Megatomic#1337,201806047478939649,1,1,
ClintonBalls,Alch233,358438289344299008,,,
steelermade28,steelermade28#8041,198821468317024256,,,
timland33,timland33#8053,225468192443727873,1,,
TriAsian,tristan#7232,190996042051878913,1,,
Bdu754,Bdu754#3704,243912771027206155,1,,
dogwoodmaple,dogwoodmaple#1747,552159012288856084,1,,
dpz1156,DPZ1156#7914,366942633916104705,1,,
Twilight_Ike_Galaxy,Big Botto m#1067,121792167361511424,1,,
skindog44,Ioe#4493,130834533460344832,1,,
,kickthepony#5274,211904717981220865,,,
entenduintransit,megalo#7735,350765214288838666,1,,
superfish1205,superfish1205#8463,182233101349421067,1,,
science_shard,base_coin#0111,179396505189351425,1,,
Not_Really_Jon_Snow,DefinitelyWheeler#4417,255311391186092032,1,,
Zpheldin,Zpheldin#4429,142120199242514432,1,,
Pieanator,Pieanator#7542,148920755189579776,1,,
barnsley1001,Barno#4078,86858721061269504,1,,
ConstantQuarreling,ConstantQuarreling#0175,383477937699029003,1,,
mpbeast-07,MU | Teztify#9523,473845222514884610,1,,
2Close_4Missiles,Dan_Gerzone,358438389160345600,1,,
teinert,MattDaddio,209183193436258304,1,,
Silky_Mango,SilkyMango#9987,378622205883580417,1,,
MichaelTruly,Truly#6240,215497862904020992,,,
kegs_is_great,kegs#5639,144267007175426048,1,,
zatch17,Dakota Carolina Montana,276829932439470081,1,,
door_nav,door_nav,340541260672532482,1,,
AZhawk,Tenny1917,477216596667006996,1,,
MN_Moosey,Moosey#7461,148425866588848128,1,,
LaDfBC,LaDfBC#1246,181238139539423232,1,,
debater3301,debater3301#5782,262709484810534914,1,,
gamr1021,brian_taylor#4987,263736081000824832,1,,
BigVolDaddy,BigVolDaddy#7470,165574358390145034,1,,
Voldirun,Voldirun8646,,1,,
Dart31AF,Dart#5537,671538823662010394,1,,
Therealslimcampbell ,CaptainCC ,531710311523418132,1,,
mrmouseman,Hot Diggity Dog#2030,231952127931580416,1,,
SchubyDoo,Schuby#0001,132736488675737600,1,,
duexmachina,Britt O'War#9333,512103892033470506,1,,
mvh1015,mvh1015#6260,140306370359459840,1,,